종목명,상장유형,근거,확신도
덕산넵코어스,기술특례,기술성평가 A·A,높음
빅웨이브로보틱스,기술특례,기사상 기술특례 추진,중간
글로벌테크놀로지,기술특례,기술성장기업 특례,중간
와이즈플래닛컴퍼니,일반,흑자·특례 언급 없음,중간
네오사피엔스,기술특례,기술평가 통과,높음
스카이랩스,기술특례,300번째 기술특례사,높음
해치텍,기술특례,기술특례 방식,높음
니어스랩,기술특례,기술성평가 A·A,높음
기도산업,일반,흑자·PER 평가,중간
인제니아테라퓨틱스,기술특례,기술성평가 A·A,높음
케이앤에스아이앤씨,기술특례,기술성평가 A·A,높음
딜리셔스,이익미실현,테슬라 요건,높음
에이치엘지노믹스,일반,고수익 흑자,중간
레메디,기술특례,흑자에도 기술특례,높음
레몬헬스케어,기술특례,기술평가 A등급,높음
매드업,기술특례,기술평가,높음
스트라드비젼,기술특례,기술평가,높음
져스텍,기술특례,소부장 기술성평가,높음
피스피스스튜디오,일반,중견기업부,높음
마키나락스,기술특례,기술성평가 A·A,높음
폴레드,일반,흑자·특례 언급 없음,중간
코스모로보틱스,기술특례,기술평가,높음
채비,이익미실현,테슬라 요건,높음
인벤테라,기술특례,기술성평가 통과,높음
리센스메디컬,기술특례,기술성평가 A·A,높음
메쥬,기술특례,기술성평가 A·BBB,높음
한패스,일반,중견기업부,중간
아이엠바이오로직스,기술특례,기술성평가 A·A,높음
카나프테라퓨틱스,기술특례,기술성평가 통과,높음
액스비스,일반,벤처기업부·흑자,중간
에스팀,일반,중견기업부,높음
케이뱅크,일반,KOSPI 일반상장,높음
덕양에너젠,일반,벤처기업부·흑자,중간
