name,code,market,type,industry,lead,fcst,listdate,band_lo,band_hi,offer,pricing,inst,lockup,retail,amount,listed,float_pct,open,r_open,r0,r1,r5,r20,r60,cur,r_cur,maxc,dd,excess
덕양에너젠,0001A0,코스닥,일반,연료용 가스 제조 및 배관공급업,NH투자증권,2026-01-12,2026-01-30,8500.0,10000.0,10000.0,상단,650.14,0.1438,1354.4,750.0,24808842,0.16839471991477878,21050.0,1.105,2.485,2.85,1.9300000000000002,0.913,0.8819999999999999,8270.0,-0.17300000000000004,38500.0,-0.7851948051948052,-0.5087910240315638
케이뱅크,279570,코스피,일반,은행 및 저축기관,NH투자증권,2026-02-04,2026-03-05,8300.0,9500.0,8300.0,하단,198.53,0.12390000000000001,134.59,4980.0,405695151,0.3356183618768468,9000.0,0.0843373493975903,0.0036144578313253017,-0.0662650602409639,-0.1253012048192771,-0.3024096385542169,-0.3265060240963855,5390.0,-0.35060240963855427,8330.0,-0.3529411764705882,-0.5812439755894837
에스팀,458350,코스닥,일반,기타 사업지원 서비스업,한국투자증권,2026-02-09,2026-03-06,7000.0,8500.0,8500.0,상단,1334.91,0.42450000000000004,1960.87,153.0,8683200,0.2179930210060807,30650.0,2.6058823529411765,3.0,1.7999999999999998,1.0058823529411764,0.0658823529411765,-0.34235294117647064,2895.0,-0.6594117647058824,34000.0,-0.9148529411764705,-0.6575673097839514
액스비스,0011A0,코스닥,일반,기타 전기장비 제조업,미래에셋증권,2026-02-06,2026-03-09,10100.0,11500.0,11500.0,상단,1124.21,0.757,2711.06,264.5,9333740,0.15268499015400044,46000.0,3.0,3.0,2.1956521739130435,1.4695652173913043,1.0,0.3556521739130434,11370.0,-0.011304347826086913,46000.0,-0.7528260869565218,-0.5308407474783493
카나프테라퓨틱스,0082N0,코스닥,기술특례,자연과학 및 공학 연구개발업,한국투자증권,2026-02-23,2026-03-16,16000.0,20000.0,20000.0,상단,962.1,0.7609999999999999,1899.29,400.0,12966030,0.29885099756826106,68100.0,2.405,1.5299999999999998,1.2850000000000001,1.1600000000000001,1.0499999999999998,-0.02400000000000002,11710.0,-0.4145,52200.0,-0.7756704980842912,-0.5219791079726865
아이엠바이오로직스,493280,코스닥,기술특례,자연과학 및 공학 연구개발업,한국투자증권,2026-02-27,2026-03-20,19000.0,26000.0,26000.0,상단,839.23,0.7601,1806.0,520.0,14790280,0.14029802005100647,104000.0,3.0,3.0,1.9269230769230767,1.8807692307692307,1.2384615384615385,-0.019230769230769273,16360.0,-0.37076923076923074,104000.0,-0.8426923076923076,-0.5810265593625329
한패스,408470,코스닥,일반,기타 금융업,한국투자증권,2026-03-06,2026-03-25,17000.0,19000.0,19000.0,상단,1172.59,0.2743,1673.04,209.0,10572000,0.2515687665531593,37100.0,0.9526315789473685,0.43157894736842106,0.13684210526315788,-0.12105263157894741,-0.14421052631578946,-0.6626315789473685,4700.0,-0.7526315789473684,27200.0,-0.8272058823529411,-0.566794515874566
메쥬,0088M0,코스닥,기술특례,의료용 기기 제조업,신한투자증권,2026-03-05,2026-03-26,16700.0,21600.0,21600.0,상단,1108.93,0.754,2428.25,290.52,9717750,0.22927570682513956,66000.0,2.0555555555555554,0.8055555555555556,0.8657407407407407,0.712962962962963,0.9259259259259258,-0.2157407407407408,13330.0,-0.3828703703703704,51300.0,-0.7401559454191033,-0.41270083484927234
리센스메디컬,394420,코스닥,기술특례,의료용 기기 제조업,한국투자증권,2026-03-09,2026-03-31,9000.0,11000.0,11000.0,상단,1352.63,0.6392,2097.68,154.0,10850298,0.22580900543008128,37600.0,2.418181818181818,0.6772727272727272,1.1772727272727272,1.1454545454545455,1.6954545454545453,0.8272727272727274,8790.0,-0.20090909090909093,33900.0,-0.7407079646017699,-0.33847475475296374
인벤테라,0007J0,코스닥,기술특례,자연과학 및 공학 연구개발업,NH투자증권,2026-03-11,2026-04-02,12100.0,16600.0,16600.0,상단,1328.82,0.43060000000000004,1913.0,195.88,7865714,0.2118831170317151,39150.0,1.358433734939759,1.1234939759036147,0.9789156626506024,0.5180722891566265,0.286144578313253,-0.4307228915662651,11030.0,-0.33554216867469877,35250.0,-0.6870921985815603,-0.49894254979423813
채비,0011T0,코스닥,이익미실현,"전동기, 발전기 및 전기 변환 · 공급 · 제어 장치 제조업",KB증권,2026-04-10,2026-04-29,12300.0,15300.0,12300.0,하단,55.23,0.0649,302.0,1107.0,46695280,0.21072765812733107,15250.0,0.23983739837398366,0.8333333333333333,0.7195121951219512,0.4886178861788617,-0.15284552845528454,-0.6967479674796748,5320.0,-0.567479674796748,22550.0,-0.7640798226164079,-0.46687267004236643
코스모로보틱스,439960,코스닥,기술특례,의료용 기기 제조업,유진투자증권,2026-04-16,2026-05-11,5300.0,6000.0,6000.0,상단,1140.11,0.7303000000000001,2013.0,250.2,32108906,0.32059653480563927,23500.0,2.9166666666666665,3.0,4.2,5.233333333333333,2.658333333333333,2.0766666666666667,7520.0,0.2533333333333334,56200.0,-0.8661921708185053,-0.3969802485905656
폴레드,487580,코스닥,일반,가정용 기기 제조업,NH투자증권,2026-04-22,2026-05-14,4100.0,5000.0,5000.0,상단,1486.66,0.6724,3169.86,130.0,25182861,0.21272698125919848,20000.0,3.0,3.0,1.7999999999999998,0.562,-0.21799999999999997,-0.246,2910.0,-0.41800000000000004,20000.0,-0.8545,-0.57450436574902
마키나락스,477850,코스닥,기술특례,소프트웨어 개발 및 공급업,미래에셋증권,2026-04-28,2026-05-20,12500.0,15000.0,15000.0,상단,1196.08,0.7817000000000001,2807.8,395.25,17554024,0.2938184429963181,60000.0,3.0,3.0,4.2,1.4,0.10333333333333328,0.78,21650.0,0.44333333333333336,78000.0,-0.7224358974358974,-0.45122457949441486
피스피스스튜디오,0117P0,코스닥,일반,"섬유, 의복, 신발 및 가죽제품 소매업",NH투자증권,2026-05-14,2026-06-08,19000.0,21500.0,21500.0,상단,847.76,0.056799999999999996,1194.94,488.62,14175031,0.316473593602723,32000.0,0.4883720930232558,-0.36139534883720925,-0.4372093023255814,-0.5334883720930232,-0.7376744186046511,-0.7390697674418605,5320.0,-0.7525581395348837,13730.0,-0.6125273124544792,-0.5534966011234355
져스텍,153890,코스닥,기술특례,"전동기, 발전기 및 전기 변환 · 공급 · 제어 장치 제조업",삼성증권,2026-06-08,2026-06-29,10500.0,12500.0,12500.0,상단,1294.99,0.47200000000000003,2783.89,200.0,12050305,0.21762038388239965,35350.0,1.8279999999999998,0.4024000000000001,0.33119999999999994,0.11680000000000001,-0.5232,-0.19679999999999997,9330.0,-0.25360000000000005,17530.0,-0.46776953793496867,-0.39935540321408924
스트라드비젼,475040,코스닥,기술특례,소프트웨어 개발 및 공급업,KB증권,2026-06-09,2026-06-30,12000.0,14000.0,12000.0,하단,381.3,0.0277,45.83,840.0,53245858,0.4563574503767035,11020.0,-0.08166666666666667,-0.4,-0.5133333333333333,-0.6245833333333333,-0.78125,-0.7379166666666667,2960.0,-0.7533333333333333,7200.0,-0.5888888888888889,-0.5249385734486917
매드업,0039P0,코스닥,기술특례,광고업,미래에셋증권,2026-06-12,2026-07-01,7000.0,8000.0,8000.0,상단,1396.29,0.27390000000000003,3304.76,160.0,18746800,0.242139725179764,22250.0,1.78125,0.26,0.0,-0.050000000000000044,-0.17500000000000004,0.04249999999999998,8360.0,0.04499999999999993,10080.0,-0.17063492063492058,-0.09341966265891588
레몬헬스케어,365660,코스닥,기술특례,소프트웨어 개발 및 공급업,KB증권,2026-06-15,2026-07-06,7500.0,10000.0,10000.0,상단,1238.0,0.0692,1510.57,200.0,13351559,0.24857359354064945,16560.0,0.6559999999999999,-0.06000000000000005,0.22199999999999998,-0.30200000000000005,-0.40900000000000003,,4160.0,-0.5840000000000001,12220.0,-0.6595744680851063,-0.569866089089575
레메디,387690,코스닥,기술특례,의료용 기기 제조업,KB증권,2026-06-17,2026-07-13,17800.0,20700.0,20700.0,상단,1146.41,0.1793,1706.71,248.4,7625791,0.31887315033942054,30750.0,0.48550724637681153,0.06280193236714982,-0.15652173913043477,-0.4188405797101449,-0.5062801932367149,,19880.0,-0.03961352657004835,23200.0,-0.14310344827586208,-0.16920941298493342
에이치엘지노믹스,0156T0,코스닥,일반,기초 의약물질 제조업,KB증권,2026-07-02,2026-07-24,18500.0,21500.0,21500.0,상단,714.52,0.0191,666.78,551.48,7764054,0.24467642806193773,21500.0,0.0,-0.312093023255814,-0.37302325581395346,-0.5637209302325581,-0.5855813953488371,,8020.0,-0.6269767441860465,14790.0,-0.45774171737660585,-0.6039153026857396
딜리셔스,483350,코스닥,이익미실현,무점포 소매업,한국투자증권,2026-07-23,2026-08-12,5000.0,7000.0,7000.0,상단,184.06,0.001,10.29,154.0,21856960,0.36457869712896945,6000.0,-0.1428571428571429,-0.2657142857142857,-0.3335714285714285,-0.37357142857142855,-0.565,,2900.0,-0.5857142857142856,5140.0,-0.4357976653696498,-0.4342608338040609
케이앤에스아이앤씨,487400,코스닥,기술특례,통신 및 방송 장비 제조업,IBK투자증권,2026-07-27,2026-08-13,9000.0,11000.0,11000.0,상단,938.24,0.0078000000000000005,1079.55,264.0,10260882,0.30001709404708093,21000.0,0.9090909090909092,0.3981818181818182,0.35090909090909084,-0.08727272727272728,-0.34818181818181815,,6560.0,-0.4036363636363637,15380.0,-0.5734720416124837,-0.5690836835317519
기도산업,282620,코스닥,일반,봉제의복 제조업,미래에셋증권,2026-07-31,2026-08-21,24800.0,28400.0,28400.0,상단,213.31,0.0,5.53,482.8,5843707,0.32499661601788044,28000.0,-0.014084507042253502,-0.3457746478873239,-0.45035211267605635,-0.48133802816901405,-0.5535211267605633,,12070.0,-0.575,18580.0,-0.35037674919268025,-0.41977096821155946
니어스랩,417030,코스닥,기술특례,소프트웨어 개발 및 공급업,삼성증권,2026-08-03,2026-08-24,30000.0,41200.0,41200.0,상단,743.49,0.0126,522.99,374.92,5771485,0.3252426368603574,40500.0,-0.016990291262135915,-0.3046116504854369,-0.2912621359223301,-0.30339805825242716,-0.1711165048543689,,31750.0,-0.2293689320388349,35650.0,-0.10939691444600286,0.05378418746845348
해치텍,0155E0,코스닥,기술특례,반도체 제조업,DB증권,2026-08-03,2026-08-25,23000.0,28000.0,23000.0,하단,101.91,0.1508,25.73,230.0,5517150,0.36965824746472364,20500.0,-0.10869565217391308,-0.3943478260869565,-0.3904347826086957,-0.3869565217391304,-0.44739130434782604,,12160.0,-0.471304347826087,16850.0,-0.2783382789317508,-0.16386495477708063
스카이랩스,386380,코스닥,기술특례,의료용 기기 제조업,한국투자증권,2026-08-14,2026-09-04,13000.0,16000.0,10000.0,하단미만,63.41,0.0017000000000000001,2.85,200.0,18741977,0.26417586575845226,8500.0,-0.15000000000000002,1.35,2.055,1.5550000000000002,,,18830.0,0.883,30550.0,-0.38363338788870704,-0.2529213145196094
네오사피엔스,0161M0,코스닥,기술특례,소프트웨어 개발 및 공급업,대신증권,2026-09-02,2026-09-21,13800.0,15800.0,10000.0,하단미만,219.56,0.0898,1047.78,200.0,12195845,0.23243760477441291,25250.0,1.525,2.69,1.98,0.7110000000000001,,,17110.0,0.7110000000000001,36900.0,-0.5363143631436315,-0.5618085217287775
와이즈플래닛컴퍼니,0010S0,코스닥,일반,기타 생활용품 소매업,대신증권,2026-09-04,2026-09-23,10000.0,12000.0,12000.0,상단,1248.47,0.0365,1477.65,192.0,10004030,0.1444773756176261,42750.0,2.5625,2.808333333333333,1.7041666666666666,,,,20825.0,0.7354166666666666,45700.0,-0.5443107221006565,-0.5598350684439684
빅웨이브로보틱스,0035S0,코스닥,기술특례,소프트웨어 개발 및 공급업,유진투자증권,2026-09-07,2026-09-29,15000.0,18000.0,18000.0,상단,1109.37,0.1814,1375.34,288.0,10270411,0.1893249452237111,56000.0,2.111111111111111,0.5027777777777778,0.6916666666666667,,,,30450.0,0.6916666666666667,30450.0,0.0,0.1165262980220636
글로벌테크놀로지,486510,코스닥,기술특례,반도체 제조업,한국투자증권,2026-09-07,2026-09-29,13000.0,15000.0,10000.0,하단미만,123.19,0.0027,57.15,400.0,19583067,0.17206554009134525,21150.0,1.1150000000000002,0.44999999999999996,0.4590000000000001,,,,14590.0,0.4590000000000001,14590.0,0.0,-0.0029599662395209947
덕산넵코어스,266690,코스닥,기술특례,"항공기,우주선 및 부품 제조업",대신증권,2026-09-08,2026-09-30,12400.0,14600.0,14600.0,상단,868.64,0.0405,332.82,438.0,18876041,0.33320096094302826,27100.0,0.8561643835616439,0.3280821917808219,,,,,19390.0,0.3280821917808219,19390.0,0.0,0.0
